{
    "accessors": {
        "accessor_0": {
            "min": [
                -0.8000012040138245,
                -1.8000000715255737,
                0
            ],
            "max": [
                0.800000011920929,
                0.15000003576278687,
                0.29999998211860657
            ],
            "size": [
                1.6000012159347534,
                1.9500001072883606,
                0.29999998211860657
            ],
            "diagonal": 2.5401780053154686
        }
    },
    "overall_aabb": {
        "min": [
            -0.8000012040138245,
            -1.8000000715255737,
            0
        ],
        "max": [
            0.800000011920929,
            0.15000003576278687,
            0.29999998211860657
        ],
        "size": [
            1.6000012159347534,
            1.9500001072883606,
            0.29999998211860657
        ],
        "diagonal": 2.5401780053154686
    }
}